timestamp,unit_id,unit_type,empire_or_resistance,location_x,location_y,destination_x,destination_y,homeworld
2025-07-08 14:42:20,1,at-st,resistance,2,5,3,8,Ryloth
2025-07-08 14:42:19,2,tie_fighter,empire,8,3,5,6,Concord Dawn
2025-07-08 14:42:18,3,x-wing,resistance,10,7,6,3,Skako
2025-07-08 14:42:17,4,x-wing,empire,6,10,9,6,Muunilinst
2025-07-08 14:42:16,5,x-wing,empire,1,3,7,1,Bestine IV
2025-07-08 14:42:15,6,tie_silencer,empire,8,4,8,7,Corellia
2025-07-08 14:42:14,7,x-wing,empire,7,4,9,4,Socorro
2025-07-08 14:42:13,8,at-st,empire,4,4,5,9,Iktotch
2025-07-08 14:42:12,9,at-st,resistance,7,1,9,2,Tatooine
2025-07-08 14:42:11,10,resistance_soldier,resistance,5,6,4,10,Sullust
2025-07-08 14:42:10,11,tie_fighter,resistance,3,9,4,9,Mirial
2025-07-08 14:42:09,12,stormtrooper,resistance,7,7,7,2,Kashyyyk
2025-07-08 14:42:08,13,resistance_soldier,resistance,4,5,7,8,Sullust
2025-07-08 14:42:07,14,tie_silencer,resistance,8,1,8,4,Shili
2025-07-08 14:42:06,15,at-at,resistance,2,1,3,6,Socorro
2025-07-08 14:42:05,16,unknown,empire,3,1,5,9,Naboo
2025-07-08 14:42:04,17,at-at,empire,8,2,1,2,Zolan
2025-07-08 14:42:03,18,resistance_soldier,resistance,8,7,3,7,Eriadu
2025-07-08 14:42:02,19,resistance_soldier,resistance,10,3,6,7,Mon Cala
2025-07-08 14:42:01,20,resistance_soldier,empire,3,7,3,1,Toydaria
2025-07-08 14:42:00,21,tie_fighter,resistance,5,6,5,6,Sullust
2025-07-08 14:41:59,22,at-at,resistance,5,8,8,8,Shili
2025-07-08 14:41:58,23,at-at,empire,5,10,3,4,Iktotch
2025-07-08 14:41:57,24,at-st,empire,7,6,10,3,Tatooine
2025-07-08 14:41:56,25,stormtrooper,empire,5,2,9,7,Tatooine
2025-07-08 14:41:55,26,at-st,resistance,1,4,8,4,Iktotch
2025-07-08 14:41:54,27,resistance_soldier,empire,6,8,10,7,Toydaria
2025-07-08 14:41:53,28,unknown,resistance,1,4,8,9,Mon Cala
2025-07-08 14:41:52,29,unknown,resistance,5,4,2,4,Aleen Minor
2025-07-08 14:41:51,30,unknown,resistance,6,6,7,6,Ojom
2025-07-08 14:41:50,31,at-at,resistance,8,8,10,1,Tatooine
2025-07-08 14:41:49,32,at-at,resistance,1,4,8,8,Iridonia
2025-07-08 14:41:48,33,x-wing,resistance,5,5,9,4,Ryloth
2025-07-08 14:41:47,34,unknown,resistance,9,5,1,9,Glee Anselm
2025-07-08 14:41:46,35,resistance_soldier,resistance,6,5,3,8,Kalee
2025-07-08 14:41:45,36,tie_fighter,resistance,10,5,8,6,Trandosha
2025-07-08 14:41:44,37,x-wing,resistance,7,9,5,3,Zolan
2025-07-08 14:41:43,38,resistance_soldier,empire,7,4,8,3,Bestine IV
2025-07-08 14:41:42,39,tie_silencer,resistance,3,10,7,8,Glee Anselm
2025-07-08 14:41:41,40,at-at,resistance,4,10,8,2,Iridonia
2025-07-08 14:41:40,41,resistance_soldier,empire,6,3,1,6,Kalee
2025-07-08 14:41:39,42,tie_fighter,resistance,4,8,5,7,Champala
2025-07-08 14:41:38,43,x-wing,empire,5,3,5,2,Bestine IV
2025-07-08 14:41:37,44,unknown,resistance,9,9,8,4,Umbara
2025-07-08 14:41:36,45,resistance_soldier,empire,5,10,9,3,Ryloth
2025-07-08 14:41:35,46,tie_silencer,resistance,8,1,7,7,Glee Anselm
2025-07-08 14:41:34,47,resistance_soldier,empire,6,3,2,7,Iktotch
2025-07-08 14:41:33,48,unknown,resistance,8,6,4,5,Dathomir
2025-07-08 14:41:32,49,unknown,resistance,7,3,5,6,Trandosha
2025-07-08 14:41:31,50,unknown,resistance,8,1,8,5,Dathomir
2025-07-08 14:41:30,51,tie_fighter,empire,10,7,5,9,Ryloth
2025-07-08 14:41:29,52,at-at,empire,3,3,1,9,Muunilinst
2025-07-08 14:41:28,53,at-st,resistance,2,4,1,3,Umbara
2025-07-08 14:41:27,54,stormtrooper,empire,4,3,2,6,Umbara
2025-07-08 14:41:26,55,tie_fighter,resistance,5,3,3,8,Ryloth
2025-07-08 14:41:25,56,tie_silencer,empire,4,1,10,7,Aleen Minor
2025-07-08 14:41:24,57,unknown,empire,2,8,10,6,Toydaria
2025-07-08 14:41:23,58,stormtrooper,resistance,1,5,10,2,Champala
2025-07-08 14:41:22,59,resistance_soldier,empire,3,2,4,6,Aleen Minor
2025-07-08 14:41:21,60,tie_fighter,resistance,3,9,5,9,Aleen Minor
2025-07-08 14:41:20,61,at-at,resistance,7,4,3,3,Socorro
2025-07-08 14:41:19,62,tie_fighter,empire,3,1,8,7,Rodia
2025-07-08 14:41:18,63,resistance_soldier,resistance,6,1,4,10,Sullust
2025-07-08 14:41:17,64,resistance_soldier,empire,10,7,6,4,Bestine IV
2025-07-08 14:41:16,65,resistance_soldier,resistance,2,5,5,4,Socorro
2025-07-08 14:41:15,66,stormtrooper,resistance,3,8,8,7,Rodia
2025-07-08 14:41:14,67,x-wing,empire,5,1,3,10,Aleen Minor
2025-07-08 14:41:13,68,tie_fighter,resistance,6,7,10,1,Sullust
2025-07-08 14:41:12,69,x-wing,empire,10,1,6,1,Dorin
2025-07-08 14:41:11,70,resistance_soldier,resistance,3,8,6,1,Umbara
2025-07-08 14:41:10,71,unknown,empire,7,4,10,6,Mirial
2025-07-08 14:41:09,72,stormtrooper,resistance,6,8,9,7,Rodia
2025-07-08 14:41:08,73,unknown,empire,7,7,9,2,Toydaria
2025-07-08 14:41:07,74,tie_fighter,empire,2,3,2,7,Serenno
2025-07-08 14:41:06,75,at-at,empire,6,1,9,2,Dorin
2025-07-08 14:41:05,76,unknown,resistance,5,6,2,9,Mon Cala
2025-07-08 14:41:04,77,stormtrooper,resistance,3,7,1,6,Troiken
2025-07-08 14:41:03,78,tie_fighter,resistance,4,5,2,8,Champala
2025-07-08 14:41:02,79,resistance_soldier,resistance,1,10,5,3,Kashyyyk
2025-07-08 14:41:01,80,at-st,empire,10,4,5,4,Rodia
2025-07-08 14:41:00,81,x-wing,resistance,2,10,10,4,Mirial
2025-07-08 14:40:59,82,resistance_soldier,empire,8,2,5,1,Kashyyyk
2025-07-08 14:40:58,83,resistance_soldier,resistance,10,2,1,2,Eriadu
2025-07-08 14:40:57,84,x-wing,resistance,10,4,9,3,Socorro
2025-07-08 14:40:56,85,tie_silencer,empire,8,7,7,5,Malastare
2025-07-08 14:40:55,86,resistance_soldier,resistance,9,3,1,10,Shili
2025-07-08 14:40:54,87,at-at,resistance,5,1,4,6,Tatooine
2025-07-08 14:40:53,88,at-at,resistance,10,4,9,7,Naboo
2025-07-08 14:40:52,89,tie_fighter,empire,9,3,5,8,Tatooine
2025-07-08 14:40:51,90,resistance_soldier,resistance,10,8,5,8,Iridonia
2025-07-08 14:40:50,91,x-wing,resistance,1,2,9,2,Umbara
2025-07-08 14:40:49,92,x-wing,resistance,7,10,2,2,Naboo
2025-07-08 14:40:48,93,at-st,resistance,2,8,5,3,Mon Cala
2025-07-08 14:40:47,94,x-wing,resistance,5,6,7,4,Dathomir
2025-07-08 14:40:46,95,at-st,resistance,1,5,9,8,Rodia
2025-07-08 14:40:45,96,at-at,empire,8,3,2,9,Dathomir
2025-07-08 14:40:44,97,at-at,empire,6,8,6,2,Champala
2025-07-08 14:40:43,98,at-at,resistance,8,2,4,9,Tholoth
2025-07-08 14:40:42,99,x-wing,resistance,9,5,1,5,Mon Cala
2025-07-08 14:40:41,100,resistance_soldier,resistance,6,5,4,9,Shili
2025-07-08 14:40:40,101,tie_fighter,resistance,3,10,10,2,Rodia
2025-07-08 14:40:39,102,unknown,resistance,4,2,6,3,Glee Anselm
2025-07-08 14:40:38,103,at-st,empire,9,6,8,5,Tund
2025-07-08 14:40:37,104,resistance_soldier,resistance,4,10,8,9,Socorro
2025-07-08 14:40:36,105,at-st,resistance,9,5,1,2,Malastare
2025-07-08 14:40:35,106,at-st,resistance,8,2,6,10,Bestine IV
2025-07-08 14:40:34,107,tie_fighter,resistance,3,7,2,6,Rodia
2025-07-08 14:40:33,108,tie_fighter,resistance,3,6,8,7,Mon Cala
2025-07-08 14:40:32,109,tie_silencer,empire,7,8,4,6,Tund
2025-07-08 14:40:31,110,x-wing,empire,4,10,1,9,Serenno
2025-07-08 14:40:30,111,x-wing,resistance,8,3,4,3,Troiken
2025-07-08 14:40:29,112,x-wing,empire,7,2,4,2,Champala
2025-07-08 14:40:28,113,x-wing,resistance,8,8,5,6,Concord Dawn
2025-07-08 14:40:27,114,at-at,resistance,10,1,7,8,Glee Anselm
2025-07-08 14:40:26,115,unknown,resistance,10,3,8,9,Concord Dawn
2025-07-08 14:40:25,116,tie_fighter,resistance,1,5,2,4,Haruun Kal
2025-07-08 14:40:24,117,x-wing,empire,7,4,7,1,Serenno
2025-07-08 14:40:23,118,at-st,resistance,5,8,7,4,Haruun Kal
2025-07-08 14:40:22,119,unknown,empire,6,2,1,3,Glee Anselm
2025-07-08 14:40:21,120,at-st,empire,6,2,8,10,Stewjon
2025-07-08 14:40:20,121,tie_silencer,resistance,10,8,4,9,Troiken
2025-07-08 14:40:19,122,at-st,resistance,10,6,6,2,Naboo
2025-07-08 14:40:18,123,stormtrooper,empire,2,7,9,9,Serenno
2025-07-08 14:40:17,124,stormtrooper,empire,3,9,4,8,Muunilinst
2025-07-08 14:40:16,125,unknown,empire,10,9,1,4,Ryloth
2025-07-08 14:40:15,126,at-at,empire,2,1,6,9,Mirial
2025-07-08 14:40:14,127,tie_silencer,empire,2,8,4,5,Iktotch
2025-07-08 14:40:13,128,resistance_soldier,empire,6,1,8,8,Tholoth
2025-07-08 14:40:12,129,stormtrooper,resistance,8,10,9,5,Zolan
2025-07-08 14:40:11,130,unknown,resistance,7,5,4,9,Muunilinst
2025-07-08 14:40:10,131,tie_silencer,resistance,8,7,9,8,Socorro
2025-07-08 14:40:09,132,unknown,empire,4,10,9,1,Aleen Minor
2025-07-08 14:40:08,133,tie_fighter,resistance,4,3,6,7,Champala
2025-07-08 14:40:07,134,x-wing,empire,5,9,1,6,Mirial
2025-07-08 14:40:06,135,tie_silencer,resistance,1,6,8,5,Muunilinst
2025-07-08 14:40:05,136,tie_fighter,resistance,5,10,7,8,Eriadu
2025-07-08 14:40:04,137,stormtrooper,resistance,1,9,7,8,Tatooine
2025-07-08 14:40:03,138,tie_fighter,empire,6,7,8,1,Corellia
2025-07-08 14:40:02,139,at-at,resistance,10,6,9,5,Iridonia
2025-07-08 14:40:01,140,resistance_soldier,empire,10,7,10,8,Dagobah
2025-07-08 14:40:00,141,unknown,resistance,3,9,2,2,Kashyyyk
2025-07-08 14:39:59,142,at-st,resistance,10,5,7,9,Rodia
2025-07-08 14:39:58,143,tie_silencer,resistance,5,8,7,4,Chandrila
2025-07-08 14:39:57,144,tie_fighter,empire,4,3,10,6,Stewjon
2025-07-08 14:39:56,145,x-wing,empire,8,7,3,9,Serenno
2025-07-08 14:39:55,146,resistance_soldier,empire,9,9,4,5,Troiken
2025-07-08 14:39:54,147,unknown,empire,6,4,6,6,Aleen Minor
2025-07-08 14:39:53,148,unknown,resistance,1,4,3,7,Alderaan
2025-07-08 14:39:52,149,at-st,empire,4,1,7,10,Tatooine
2025-07-08 14:39:51,150,at-at,empire,1,6,3,9,Cerea
2025-07-08 14:39:50,151,unknown,resistance,5,7,7,6,Shili
2025-07-08 14:39:49,152,tie_silencer,resistance,5,9,1,2,Kalee
2025-07-08 14:39:48,153,tie_silencer,resistance,2,4,4,9,Trandosha
2025-07-08 14:39:47,154,at-st,resistance,1,6,1,8,Ojom
2025-07-08 14:39:46,155,resistance_soldier,empire,8,6,2,2,Trandosha
2025-07-08 14:39:45,156,x-wing,resistance,7,8,4,1,Dathomir
2025-07-08 14:39:44,157,resistance_soldier,resistance,6,1,9,9,Sullust
2025-07-08 14:39:43,158,resistance_soldier,resistance,2,2,5,5,Iridonia
2025-07-08 14:39:42,159,tie_fighter,empire,6,5,7,1,Zolan
2025-07-08 14:39:41,160,tie_fighter,empire,5,8,5,3,Muunilinst
2025-07-08 14:39:40,161,unknown,empire,4,8,6,10,Eriadu
2025-07-08 14:39:39,162,x-wing,empire,5,1,9,7,Corellia
2025-07-08 14:39:38,163,unknown,resistance,6,10,10,8,Cerea
2025-07-08 14:39:37,164,resistance_soldier,empire,2,3,9,5,Tatooine
2025-07-08 14:39:36,165,tie_silencer,resistance,4,9,9,2,Champala
2025-07-08 14:39:35,166,tie_silencer,empire,1,3,7,4,Dagobah
2025-07-08 14:39:34,167,tie_silencer,empire,1,6,4,10,Dagobah
2025-07-08 14:39:33,168,tie_fighter,empire,9,7,9,9,Concord Dawn
2025-07-08 14:39:32,169,x-wing,empire,9,3,1,10,Kalee
2025-07-08 14:39:31,170,resistance_soldier,empire,2,3,7,5,Quermia
2025-07-08 14:39:30,171,x-wing,empire,5,5,8,2,Tatooine
2025-07-08 14:39:29,172,stormtrooper,empire,3,2,4,3,Champala
2025-07-08 14:39:28,173,x-wing,empire,10,8,7,5,Quermia
2025-07-08 14:39:27,174,unknown,empire,1,2,9,1,Concord Dawn
2025-07-08 14:39:26,175,tie_fighter,empire,2,8,7,2,Rodia
2025-07-08 14:39:25,176,resistance_soldier,resistance,2,7,1,2,Troiken
2025-07-08 14:39:24,177,tie_silencer,empire,1,8,9,3,Serenno
2025-07-08 14:39:23,178,resistance_soldier,empire,9,10,1,9,Stewjon
2025-07-08 14:39:22,179,at-st,empire,10,1,8,8,Corellia
2025-07-08 14:39:21,180,at-at,resistance,6,3,6,10,Mon Cala
2025-07-08 14:39:20,181,x-wing,empire,8,6,2,5,Malastare
2025-07-08 14:39:19,182,stormtrooper,empire,6,2,9,7,Quermia
2025-07-08 14:39:18,183,at-st,resistance,4,1,3,5,Shili
2025-07-08 14:39:17,184,resistance_soldier,resistance,5,6,2,9,Ryloth
2025-07-08 14:39:16,185,at-at,resistance,9,5,4,10,Sullust
2025-07-08 14:39:15,186,x-wing,empire,7,4,8,4,Vulpter
2025-07-08 14:39:14,187,x-wing,resistance,2,3,1,3,Glee Anselm
2025-07-08 14:39:13,188,x-wing,empire,10,8,8,6,Zolan
2025-07-08 14:39:12,189,unknown,empire,9,6,5,4,Concord Dawn
2025-07-08 14:39:11,190,at-st,resistance,8,7,6,7,Troiken
2025-07-08 14:39:10,191,at-at,empire,8,9,5,5,Tholoth
2025-07-08 14:39:09,192,at-at,resistance,7,3,1,9,Eriadu
2025-07-08 14:39:08,193,at-at,resistance,8,9,10,1,Champala
2025-07-08 14:39:07,194,tie_silencer,resistance,4,3,5,7,Rodia
2025-07-08 14:39:06,195,tie_fighter,resistance,3,5,3,4,Zolan
2025-07-08 14:39:05,196,at-at,empire,5,2,5,7,Mirial
2025-07-08 14:39:04,197,at-st,resistance,5,2,10,2,Shili
2025-07-08 14:39:03,198,unknown,resistance,3,1,5,8,Rodia
2025-07-08 14:39:02,199,stormtrooper,resistance,5,4,10,9,Mon Cala
2025-07-08 14:39:01,200,stormtrooper,empire,6,4,8,5,Malastare
2025-07-08 14:39:00,201,at-st,empire,8,9,8,7,Malastare
2025-07-08 14:38:59,202,x-wing,empire,6,1,2,3,Mirial
2025-07-08 14:38:58,203,tie_silencer,resistance,7,7,4,10,Mon Cala
2025-07-08 14:38:57,204,tie_fighter,empire,4,2,9,10,Trandosha
2025-07-08 14:38:56,205,stormtrooper,resistance,7,5,3,9,Shili
2025-07-08 14:38:55,206,stormtrooper,resistance,5,4,1,2,Chandrila
2025-07-08 14:38:54,207,unknown,resistance,9,6,2,5,Tatooine
2025-07-08 14:38:53,208,resistance_soldier,resistance,10,10,5,3,Trandosha
2025-07-08 14:38:52,209,resistance_soldier,resistance,7,9,7,9,Champala
2025-07-08 14:38:51,210,stormtrooper,resistance,3,6,5,5,Chandrila
2025-07-08 14:38:50,211,tie_silencer,empire,1,2,2,4,Tund
2025-07-08 14:38:49,212,at-at,resistance,7,2,1,5,Champala
2025-07-08 14:38:48,213,tie_fighter,resistance,8,10,6,6,Toydaria
2025-07-08 14:38:47,214,at-st,resistance,9,3,4,6,Mirial
2025-07-08 14:38:46,215,tie_silencer,resistance,4,8,9,8,Serenno
2025-07-08 14:38:45,216,tie_silencer,resistance,8,10,8,4,Shili
2025-07-08 14:38:44,217,resistance_soldier,resistance,6,4,4,10,Mirial
2025-07-08 14:38:43,218,at-st,empire,5,10,8,2,Tatooine
2025-07-08 14:38:42,219,at-at,resistance,2,6,3,8,Dathomir
2025-07-08 14:38:41,220,tie_fighter,resistance,5,2,7,10,Dorin
2025-07-08 14:38:40,221,resistance_soldier,resistance,10,10,1,4,Umbara
2025-07-08 14:38:39,222,tie_silencer,resistance,4,7,10,3,Socorro
2025-07-08 14:38:38,223,tie_silencer,resistance,8,7,6,4,Mon Cala
2025-07-08 14:38:37,224,stormtrooper,resistance,2,6,1,8,Chandrila
2025-07-08 14:38:36,225,stormtrooper,resistance,8,6,6,5,Socorro
2025-07-08 14:38:35,226,resistance_soldier,empire,1,6,8,6,Dorin
2025-07-08 14:38:34,227,tie_fighter,empire,5,1,7,2,Mirial
2025-07-08 14:38:33,228,tie_fighter,resistance,1,4,2,8,Aleen Minor
2025-07-08 14:38:32,229,stormtrooper,resistance,9,4,9,10,Alderaan
2025-07-08 14:38:31,230,x-wing,resistance,2,1,8,6,Cerea
2025-07-08 14:38:30,231,stormtrooper,resistance,4,8,7,10,Sullust
2025-07-08 14:38:29,232,tie_fighter,resistance,7,8,7,4,Trandosha
2025-07-08 14:38:28,233,tie_fighter,empire,10,5,5,6,Dathomir
2025-07-08 14:38:27,234,tie_fighter,empire,6,2,5,6,Corellia
2025-07-08 14:38:26,235,at-at,resistance,1,6,9,8,Ryloth
2025-07-08 14:38:25,236,tie_fighter,resistance,10,6,8,9,Concord Dawn
2025-07-08 14:38:24,237,unknown,empire,6,8,2,5,Toydaria
2025-07-08 14:38:23,238,at-at,empire,2,1,9,6,Eriadu
2025-07-08 14:38:22,239,at-st,empire,2,4,2,6,Trandosha
2025-07-08 14:38:21,240,at-at,empire,10,8,8,10,Ryloth
2025-07-08 14:38:20,241,x-wing,resistance,1,10,4,10,Alderaan
2025-07-08 14:38:19,242,tie_silencer,resistance,9,5,5,4,Eriadu
2025-07-08 14:38:18,243,tie_silencer,resistance,5,1,9,9,Dagobah
2025-07-08 14:38:17,244,at-at,empire,6,5,7,3,Tholoth
2025-07-08 14:38:16,245,tie_fighter,empire,7,1,8,3,Tund
2025-07-08 14:38:15,246,stormtrooper,empire,6,9,3,8,Mirial
2025-07-08 14:38:14,247,stormtrooper,resistance,4,2,2,6,Bestine IV
2025-07-08 14:38:13,248,at-st,empire,7,4,2,7,Vulpter
2025-07-08 14:38:12,249,at-at,empire,4,1,8,7,Ojom
2025-07-08 14:38:11,250,unknown,empire,8,6,4,4,Cerea
2025-07-08 14:38:10,251,tie_fighter,resistance,5,1,10,1,Mon Cala
2025-07-08 14:38:09,252,tie_silencer,empire,3,4,8,9,Glee Anselm
2025-07-08 14:38:08,253,stormtrooper,empire,1,4,8,5,Malastare
2025-07-08 14:38:07,254,x-wing,resistance,10,3,7,8,Mon Cala
2025-07-08 14:38:06,255,tie_silencer,empire,10,1,4,5,Ojom
2025-07-08 14:38:05,256,stormtrooper,resistance,4,1,7,6,Kashyyyk
2025-07-08 14:38:04,257,at-st,resistance,7,7,4,1,Haruun Kal
2025-07-08 14:38:03,258,tie_fighter,resistance,1,7,5,2,Chandrila
2025-07-08 14:38:02,259,at-at,resistance,1,4,6,8,Toydaria
2025-07-08 14:38:01,260,tie_fighter,resistance,1,4,2,9,Mon Cala
2025-07-08 14:38:00,261,tie_silencer,empire,4,4,10,10,Corellia
2025-07-08 14:37:59,262,tie_silencer,empire,2,4,3,2,Skako
2025-07-08 14:37:58,263,tie_silencer,empire,4,9,4,4,Muunilinst
2025-07-08 14:37:57,264,at-st,empire,3,1,7,9,Serenno
2025-07-08 14:37:56,265,x-wing,empire,5,2,8,8,Serenno
2025-07-08 14:37:55,266,resistance_soldier,resistance,5,5,8,2,Quermia
2025-07-08 14:37:54,267,x-wing,resistance,9,7,1,5,Kalee
2025-07-08 14:37:53,268,at-at,resistance,9,2,7,1,Zolan
2025-07-08 14:37:52,269,at-at,resistance,5,7,8,3,Bestine IV
2025-07-08 14:37:51,270,unknown,empire,10,4,8,7,Corellia
2025-07-08 14:37:50,271,unknown,empire,8,2,5,1,Vulpter
2025-07-08 14:37:49,272,tie_fighter,resistance,7,6,8,10,Mon Cala
2025-07-08 14:37:48,273,at-st,resistance,9,5,7,6,Iridonia
2025-07-08 14:37:47,274,resistance_soldier,resistance,3,3,10,8,Umbara
2025-07-08 14:37:46,275,tie_fighter,empire,7,9,4,6,Bestine IV
2025-07-08 14:37:45,276,unknown,resistance,8,10,4,6,Dorin
2025-07-08 14:37:44,277,resistance_soldier,resistance,8,3,2,5,Aleen Minor
2025-07-08 14:37:43,278,x-wing,empire,1,1,5,5,Serenno
2025-07-08 14:37:42,279,tie_silencer,empire,5,3,1,4,Toydaria
2025-07-08 14:37:41,280,unknown,empire,7,7,3,10,Ojom
2025-07-08 14:37:40,281,unknown,resistance,2,9,6,10,Tholoth
2025-07-08 14:37:39,282,unknown,resistance,5,3,7,6,Glee Anselm
2025-07-08 14:37:38,283,tie_silencer,resistance,7,5,6,2,Iridonia
2025-07-08 14:37:37,284,at-st,resistance,9,5,10,7,Ryloth
2025-07-08 14:37:36,285,unknown,empire,3,5,2,6,Serenno
2025-07-08 14:37:35,286,at-at,resistance,6,7,1,8,Glee Anselm
2025-07-08 14:37:34,287,unknown,empire,1,10,9,7,Tatooine
2025-07-08 14:37:33,288,x-wing,resistance,7,2,6,8,Dathomir
2025-07-08 14:37:32,289,resistance_soldier,resistance,2,10,7,1,Tatooine
2025-07-08 14:37:31,290,tie_silencer,empire,7,7,2,5,Tund
2025-07-08 14:37:30,291,at-at,empire,6,1,7,3,Troiken
2025-07-08 14:37:29,292,stormtrooper,empire,7,7,4,9,Vulpter
2025-07-08 14:37:28,293,resistance_soldier,empire,4,5,10,6,Corellia
2025-07-08 14:37:27,294,resistance_soldier,resistance,3,6,8,3,Dorin
2025-07-08 14:37:26,295,resistance_soldier,resistance,3,6,10,2,Troiken
2025-07-08 14:37:25,296,at-st,empire,6,1,5,9,Tund
2025-07-08 14:37:24,297,tie_silencer,empire,3,4,8,2,Tund
2025-07-08 14:37:23,298,at-at,empire,3,2,5,6,Tund
2025-07-08 14:37:22,299,at-at,resistance,1,6,6,9,Eriadu
2025-07-08 14:37:21,300,x-wing,resistance,6,2,7,6,Vulpter
2025-07-08 14:37:20,301,x-wing,resistance,5,8,8,4,Glee Anselm
2025-07-08 14:37:19,302,x-wing,resistance,7,1,3,6,Dathomir
2025-07-08 14:37:18,303,unknown,resistance,2,9,8,4,Kalee
2025-07-08 14:37:17,304,tie_fighter,empire,2,5,3,3,Corellia
2025-07-08 14:37:16,305,tie_silencer,resistance,4,1,3,8,Alderaan
2025-07-08 14:37:15,306,stormtrooper,empire,2,7,3,7,Cerea
2025-07-08 14:37:14,307,stormtrooper,resistance,1,7,4,6,Kashyyyk
2025-07-08 14:37:13,308,at-st,resistance,10,2,4,5,Glee Anselm
2025-07-08 14:37:12,309,tie_fighter,resistance,9,6,6,1,Mon Cala
2025-07-08 14:37:11,310,at-st,resistance,5,10,7,8,Chandrila
2025-07-08 14:37:10,311,x-wing,empire,8,1,3,4,Vulpter
2025-07-08 14:37:09,312,stormtrooper,empire,9,6,3,8,Ryloth
2025-07-08 14:37:08,313,unknown,empire,3,8,5,1,Skako
2025-07-08 14:37:07,314,at-st,empire,5,9,1,9,Corellia
2025-07-08 14:37:06,315,at-at,empire,4,6,3,10,Eriadu
2025-07-08 14:37:05,316,resistance_soldier,resistance,2,8,1,10,Concord Dawn
2025-07-08 14:37:04,317,at-at,empire,10,4,5,7,Champala
2025-07-08 14:37:03,318,stormtrooper,empire,4,9,9,3,Concord Dawn
2025-07-08 14:37:02,319,x-wing,empire,8,6,6,1,Champala
2025-07-08 14:37:01,320,stormtrooper,resistance,2,4,10,7,Iridonia
2025-07-08 14:37:00,321,tie_silencer,empire,4,1,6,2,Aleen Minor
2025-07-08 14:36:59,322,at-st,resistance,6,2,8,9,Stewjon
2025-07-08 14:36:58,323,unknown,resistance,2,2,4,10,Ryloth
2025-07-08 14:36:57,324,stormtrooper,empire,9,1,1,5,Mon Cala
2025-07-08 14:36:56,325,at-at,empire,10,2,10,7,Dorin
2025-07-08 14:36:55,326,tie_fighter,empire,10,3,9,9,Mirial
2025-07-08 14:36:54,327,unknown,resistance,6,6,8,4,Sullust
2025-07-08 14:36:53,328,at-st,resistance,9,8,8,8,Mirial
2025-07-08 14:36:52,329,tie_fighter,empire,4,4,7,6,Cerea
2025-07-08 14:36:51,330,at-st,empire,10,3,8,10,Champala
2025-07-08 14:36:50,331,unknown,empire,1,2,2,10,Rodia
2025-07-08 14:36:49,332,at-st,empire,9,5,10,5,Eriadu
2025-07-08 14:36:48,333,tie_fighter,empire,1,10,6,10,Corellia
2025-07-08 14:36:47,334,at-at,resistance,5,3,3,10,Cerea
2025-07-08 14:36:46,335,at-at,empire,6,7,4,1,Zolan
2025-07-08 14:36:45,336,x-wing,empire,2,1,9,7,Tholoth
2025-07-08 14:36:44,337,tie_fighter,empire,5,7,8,6,Stewjon
2025-07-08 14:36:43,338,at-st,empire,6,9,3,6,Skako
2025-07-08 14:36:42,339,at-st,resistance,9,9,2,2,Trandosha
2025-07-08 14:36:41,340,resistance_soldier,empire,4,6,9,9,Serenno
2025-07-08 14:36:40,341,tie_silencer,resistance,2,2,10,5,Tatooine
2025-07-08 14:36:39,342,resistance_soldier,resistance,10,5,1,1,Sullust
2025-07-08 14:36:38,343,unknown,resistance,5,8,1,8,Vulpter
2025-07-08 14:36:37,344,at-st,empire,8,5,7,9,Tatooine
2025-07-08 14:36:36,345,tie_silencer,resistance,10,3,7,2,Eriadu
2025-07-08 14:36:35,346,tie_silencer,empire,9,1,3,10,Rodia
2025-07-08 14:36:34,347,at-st,resistance,2,10,10,3,Skako
2025-07-08 14:36:33,348,tie_silencer,resistance,8,2,8,7,Bestine IV
2025-07-08 14:36:32,349,resistance_soldier,resistance,1,9,6,3,Troiken
2025-07-08 14:36:31,350,tie_fighter,empire,7,9,2,9,Rodia
2025-07-08 14:36:30,351,tie_silencer,resistance,5,1,10,5,Rodia
2025-07-08 14:36:29,352,tie_fighter,empire,1,4,7,6,Dagobah
2025-07-08 14:36:28,353,tie_fighter,resistance,1,9,3,9,Iktotch
2025-07-08 14:36:27,354,tie_silencer,resistance,8,6,9,7,Ryloth
2025-07-08 14:36:26,355,at-st,resistance,7,7,9,2,Quermia
2025-07-08 14:36:25,356,at-st,empire,1,3,2,1,Corellia
2025-07-08 14:36:24,357,tie_fighter,empire,6,1,1,7,Zolan
2025-07-08 14:36:23,358,at-st,empire,7,5,5,7,Toydaria
2025-07-08 14:36:22,359,tie_silencer,empire,9,5,3,3,Ojom
2025-07-08 14:36:21,360,unknown,empire,2,1,4,6,Mirial
2025-07-08 14:36:20,361,unknown,resistance,7,8,7,7,Aleen Minor
2025-07-08 14:36:19,362,tie_fighter,resistance,2,4,2,10,Glee Anselm
2025-07-08 14:36:18,363,tie_fighter,empire,4,3,3,6,Eriadu
2025-07-08 14:36:17,364,at-st,empire,6,8,3,6,Troiken
2025-07-08 14:36:16,365,at-st,empire,3,4,3,6,Malastare
2025-07-08 14:36:15,366,at-st,empire,6,6,2,9,Iridonia
2025-07-08 14:36:14,367,unknown,empire,10,5,10,9,Troiken
2025-07-08 14:36:13,368,x-wing,resistance,7,4,3,7,Naboo
2025-07-08 14:36:12,369,at-st,empire,2,10,2,10,Dagobah
2025-07-08 14:36:11,370,stormtrooper,empire,2,2,2,5,Kalee
2025-07-08 14:36:10,371,tie_fighter,resistance,6,10,7,8,Rodia
2025-07-08 14:36:09,372,x-wing,resistance,9,7,7,5,Ryloth
2025-07-08 14:36:08,373,tie_silencer,resistance,7,8,10,8,Serenno
2025-07-08 14:36:07,374,at-st,resistance,3,9,10,1,Cerea
2025-07-08 14:36:06,375,at-st,resistance,10,9,8,5,Ryloth
2025-07-08 14:36:05,376,resistance_soldier,resistance,1,10,3,5,Cerea
2025-07-08 14:36:04,377,stormtrooper,resistance,2,10,5,1,Mon Cala
2025-07-08 14:36:03,378,x-wing,resistance,7,5,10,8,Toydaria
2025-07-08 14:36:02,379,resistance_soldier,empire,3,4,7,5,Concord Dawn
2025-07-08 14:36:01,380,at-st,resistance,5,5,6,10,Mirial
2025-07-08 14:36:00,381,resistance_soldier,empire,5,9,7,10,Toydaria
2025-07-08 14:35:59,382,unknown,empire,7,3,6,4,Mirial
2025-07-08 14:35:58,383,resistance_soldier,resistance,8,10,7,7,Chandrila
2025-07-08 14:35:57,384,tie_silencer,empire,5,4,8,5,Cerea
2025-07-08 14:35:56,385,x-wing,resistance,1,7,2,10,Chandrila
2025-07-08 14:35:55,386,x-wing,empire,5,7,8,2,Trandosha
2025-07-08 14:35:54,387,stormtrooper,resistance,6,7,9,8,Kashyyyk
2025-07-08 14:35:53,388,stormtrooper,resistance,7,10,5,4,Rodia
2025-07-08 14:35:52,389,at-st,empire,4,2,5,6,Troiken
2025-07-08 14:35:51,390,x-wing,resistance,10,9,4,5,Chandrila
2025-07-08 14:35:50,391,resistance_soldier,resistance,6,9,1,7,Alderaan
2025-07-08 14:35:49,392,tie_fighter,resistance,10,5,9,4,Eriadu
2025-07-08 14:35:48,393,tie_silencer,resistance,9,10,2,3,Glee Anselm
2025-07-08 14:35:47,394,stormtrooper,resistance,5,9,5,1,Vulpter
2025-07-08 14:35:46,395,resistance_soldier,resistance,10,6,1,2,Haruun Kal
2025-07-08 14:35:45,396,stormtrooper,empire,4,8,8,7,Champala
2025-07-08 14:35:44,397,unknown,empire,1,6,5,6,Dathomir
2025-07-08 14:35:43,398,tie_silencer,empire,10,8,5,7,Corellia
2025-07-08 14:35:42,399,stormtrooper,resistance,10,7,1,9,Eriadu
2025-07-08 14:35:41,400,unknown,empire,2,8,1,3,Champala
2025-07-08 14:35:40,401,resistance_soldier,resistance,5,9,6,4,Champala
2025-07-08 14:35:39,402,stormtrooper,resistance,6,8,6,1,Ojom
2025-07-08 14:35:38,403,stormtrooper,empire,6,9,8,2,Toydaria
2025-07-08 14:35:37,404,resistance_soldier,resistance,7,4,1,4,Alderaan
2025-07-08 14:35:36,405,stormtrooper,resistance,9,6,6,10,Iridonia
2025-07-08 14:35:35,406,resistance_soldier,empire,9,2,5,9,Toydaria
2025-07-08 14:35:34,407,at-st,resistance,6,1,5,5,Alderaan
2025-07-08 14:35:33,408,x-wing,empire,1,8,8,2,Tatooine
2025-07-08 14:35:32,409,unknown,resistance,6,4,6,10,Mon Cala
2025-07-08 14:35:31,410,tie_silencer,resistance,4,9,9,2,Tholoth
2025-07-08 14:35:30,411,stormtrooper,resistance,8,1,7,10,Zolan
2025-07-08 14:35:29,412,stormtrooper,empire,10,7,4,9,Toydaria
2025-07-08 14:35:28,413,tie_fighter,resistance,9,7,5,6,Quermia
2025-07-08 14:35:27,414,tie_silencer,empire,8,9,7,7,Vulpter
2025-07-08 14:35:26,415,at-st,empire,8,10,5,10,Tholoth
2025-07-08 14:35:25,416,tie_silencer,resistance,5,9,7,6,Naboo
2025-07-08 14:35:24,417,at-st,empire,9,5,2,4,Serenno
2025-07-08 14:35:23,418,resistance_soldier,resistance,5,8,9,4,Bestine IV
2025-07-08 14:35:22,419,stormtrooper,empire,9,8,7,10,Skako
2025-07-08 14:35:21,420,stormtrooper,resistance,6,9,5,7,Alderaan
2025-07-08 14:35:20,421,unknown,empire,6,5,6,4,Aleen Minor
2025-07-08 14:35:19,422,at-st,empire,6,7,5,5,Aleen Minor
2025-07-08 14:35:18,423,x-wing,empire,6,2,9,5,Malastare
2025-07-08 14:35:17,424,tie_silencer,resistance,2,8,1,6,Sullust
2025-07-08 14:35:16,425,stormtrooper,empire,6,8,9,10,Mirial
2025-07-08 14:35:15,426,at-at,resistance,8,3,3,7,Iridonia
2025-07-08 14:35:14,427,at-at,empire,8,3,9,7,Quermia
2025-07-08 14:35:13,428,unknown,resistance,6,4,3,3,Quermia
2025-07-08 14:35:12,429,resistance_soldier,resistance,2,4,3,10,Umbara
2025-07-08 14:35:11,430,at-at,resistance,10,8,3,3,Skako
2025-07-08 14:35:10,431,tie_silencer,resistance,9,1,9,9,Sullust
2025-07-08 14:35:09,432,resistance_soldier,resistance,10,8,2,8,Ryloth
2025-07-08 14:35:08,433,at-at,empire,1,10,7,2,Eriadu
2025-07-08 14:35:07,434,at-at,resistance,8,6,3,8,Sullust
2025-07-08 14:35:06,435,at-st,resistance,10,6,2,10,Zolan
2025-07-08 14:35:05,436,tie_silencer,empire,9,9,10,3,Skako
2025-07-08 14:35:04,437,unknown,empire,10,8,9,1,Dagobah
2025-07-08 14:35:03,438,tie_silencer,resistance,1,3,3,6,Naboo
2025-07-08 14:35:02,439,at-at,resistance,5,9,3,8,Ryloth
2025-07-08 14:35:01,440,resistance_soldier,empire,3,5,9,9,Champala
2025-07-08 14:35:00,441,tie_silencer,resistance,9,6,9,4,Dorin
2025-07-08 14:34:59,442,x-wing,resistance,6,1,7,8,Naboo
2025-07-08 14:34:58,443,tie_silencer,empire,6,8,9,1,Trandosha
2025-07-08 14:34:57,444,at-st,empire,2,1,5,2,Bestine IV
2025-07-08 14:34:56,445,stormtrooper,empire,2,6,2,9,Tatooine
2025-07-08 14:34:55,446,unknown,empire,9,8,8,9,Iridonia
2025-07-08 14:34:54,447,resistance_soldier,empire,2,2,2,4,Mirial
2025-07-08 14:34:53,448,at-st,resistance,8,4,6,3,Ryloth
2025-07-08 14:34:52,449,tie_silencer,resistance,10,9,4,5,Rodia
2025-07-08 14:34:51,450,x-wing,resistance,2,8,7,4,Dorin
2025-07-08 14:34:50,451,at-st,empire,8,5,7,3,Tatooine
2025-07-08 14:34:49,452,unknown,empire,5,9,6,7,Shili
2025-07-08 14:34:48,453,stormtrooper,resistance,9,6,6,6,Serenno
2025-07-08 14:34:47,454,tie_fighter,empire,5,1,8,9,Stewjon
2025-07-08 14:34:46,455,at-st,resistance,5,7,1,4,Sullust
2025-07-08 14:34:45,456,at-at,resistance,4,4,7,5,Glee Anselm
2025-07-08 14:34:44,457,tie_fighter,empire,5,3,1,10,Troiken
2025-07-08 14:34:43,458,unknown,resistance,7,3,10,4,Sullust
2025-07-08 14:34:42,459,tie_silencer,empire,6,7,4,7,Socorro
2025-07-08 14:34:41,460,x-wing,empire,6,9,10,2,Corellia
2025-07-08 14:34:40,461,unknown,resistance,5,8,8,8,Quermia
2025-07-08 14:34:39,462,stormtrooper,empire,9,2,7,8,Tund
2025-07-08 14:34:38,463,at-at,empire,9,6,9,6,Naboo
2025-07-08 14:34:37,464,at-st,resistance,1,3,9,2,Alderaan
2025-07-08 14:34:36,465,at-st,empire,3,9,1,3,Ojom
2025-07-08 14:34:35,466,unknown,empire,6,5,7,9,Tholoth
2025-07-08 14:34:34,467,unknown,resistance,1,9,3,3,Champala
2025-07-08 14:34:33,468,tie_silencer,empire,3,1,8,1,Dagobah
2025-07-08 14:34:32,469,at-st,resistance,8,2,2,6,Cerea
2025-07-08 14:34:31,470,at-st,resistance,8,4,3,3,Troiken
2025-07-08 14:34:30,471,tie_fighter,resistance,10,7,3,4,Naboo
2025-07-08 14:34:29,472,tie_silencer,resistance,8,7,1,6,Aleen Minor
2025-07-08 14:34:28,473,tie_silencer,resistance,1,6,2,2,Haruun Kal
2025-07-08 14:34:27,474,at-st,empire,5,9,3,8,Tatooine
2025-07-08 14:34:26,475,at-st,resistance,6,7,6,4,Naboo
2025-07-08 14:34:25,476,at-at,resistance,9,6,4,7,Tholoth
2025-07-08 14:34:24,477,at-at,resistance,6,3,10,4,Malastare
2025-07-08 14:34:23,478,stormtrooper,empire,4,5,10,5,Dagobah
2025-07-08 14:34:22,479,stormtrooper,resistance,6,4,1,4,Chandrila
2025-07-08 14:34:21,480,stormtrooper,resistance,8,5,1,6,Socorro
2025-07-08 14:34:20,481,unknown,resistance,4,8,4,5,Shili
2025-07-08 14:34:19,482,resistance_soldier,empire,9,10,8,6,Champala
2025-07-08 14:34:18,483,tie_fighter,resistance,4,10,2,6,Ojom
2025-07-08 14:34:17,484,at-at,resistance,8,10,2,6,Dathomir
2025-07-08 14:34:16,485,tie_fighter,resistance,6,1,1,7,Aleen Minor
2025-07-08 14:34:15,486,at-at,empire,5,10,9,4,Corellia
2025-07-08 14:34:14,487,resistance_soldier,resistance,3,8,8,1,Quermia
2025-07-08 14:34:13,488,stormtrooper,resistance,8,5,9,7,Skako
2025-07-08 14:34:12,489,unknown,empire,2,6,7,1,Corellia
2025-07-08 14:34:11,490,tie_silencer,resistance,6,1,4,10,Glee Anselm
2025-07-08 14:34:10,491,x-wing,resistance,5,3,9,6,Mirial
2025-07-08 14:34:09,492,tie_fighter,resistance,7,8,2,1,Kashyyyk
2025-07-08 14:34:08,493,x-wing,resistance,4,8,9,5,Socorro
2025-07-08 14:34:07,494,tie_fighter,empire,5,2,6,1,Eriadu
2025-07-08 14:34:06,495,tie_fighter,empire,2,4,9,1,Ojom
2025-07-08 14:34:05,496,tie_silencer,resistance,5,1,9,10,Alderaan
2025-07-08 14:34:04,497,at-at,resistance,3,1,8,7,Kalee
2025-07-08 14:34:03,498,stormtrooper,empire,8,4,10,2,Umbara
2025-07-08 14:34:02,499,resistance_soldier,resistance,2,8,8,3,Alderaan
2025-07-08 14:34:01,500,tie_silencer,resistance,2,8,1,6,Kashyyyk
2025-07-08 14:34:00,501,stormtrooper,resistance,2,2,4,7,Chandrila
2025-07-08 14:33:59,502,tie_silencer,resistance,10,9,9,4,Kashyyyk
2025-07-08 14:33:58,503,tie_silencer,resistance,2,1,1,7,Toydaria
2025-07-08 14:33:57,504,x-wing,resistance,7,4,3,3,Kashyyyk
2025-07-08 14:33:56,505,at-st,resistance,4,2,1,10,Sullust
2025-07-08 14:33:55,506,unknown,empire,1,2,10,10,Vulpter
2025-07-08 14:33:54,507,x-wing,resistance,4,10,10,7,Alderaan
2025-07-08 14:33:53,508,at-st,resistance,6,5,8,9,Umbara
2025-07-08 14:33:52,509,at-st,empire,4,8,7,7,Vulpter
2025-07-08 14:33:51,510,stormtrooper,resistance,10,6,6,4,Dathomir
2025-07-08 14:33:50,511,resistance_soldier,resistance,4,9,7,2,Vulpter
2025-07-08 14:33:49,512,at-st,resistance,8,5,10,7,Naboo
2025-07-08 14:33:48,513,at-at,empire,5,8,3,5,Aleen Minor
2025-07-08 14:33:47,514,tie_silencer,empire,8,8,8,1,Iridonia
2025-07-08 14:33:46,515,stormtrooper,resistance,3,8,6,9,Ryloth
2025-07-08 14:33:45,516,unknown,resistance,3,8,7,10,Chandrila
2025-07-08 14:33:44,517,tie_fighter,resistance,5,1,6,7,Dathomir
2025-07-08 14:33:43,518,resistance_soldier,resistance,9,6,6,1,Alderaan
2025-07-08 14:33:42,519,at-at,resistance,5,6,2,7,Kashyyyk
2025-07-08 14:33:41,520,stormtrooper,resistance,10,5,7,10,Umbara
2025-07-08 14:33:40,521,tie_fighter,empire,9,3,1,9,Serenno
2025-07-08 14:33:39,522,tie_fighter,resistance,7,1,8,10,Ojom
2025-07-08 14:33:38,523,unknown,empire,6,4,1,3,Tatooine
2025-07-08 14:33:37,524,resistance_soldier,empire,2,1,2,9,Socorro
2025-07-08 14:33:36,525,unknown,empire,9,3,3,2,Naboo
2025-07-08 14:33:35,526,unknown,empire,3,3,6,2,Trandosha
2025-07-08 14:33:34,527,unknown,empire,10,3,3,5,Vulpter
2025-07-08 14:33:33,528,tie_silencer,empire,6,10,4,4,Ojom
2025-07-08 14:33:32,529,x-wing,resistance,7,7,10,5,Quermia
2025-07-08 14:33:31,530,tie_fighter,empire,5,7,3,2,Corellia
2025-07-08 14:33:30,531,tie_silencer,empire,6,7,6,1,Stewjon
2025-07-08 14:33:29,532,stormtrooper,empire,9,2,6,1,Serenno
2025-07-08 14:33:28,533,stormtrooper,empire,10,3,10,6,Iridonia
2025-07-08 14:33:27,534,stormtrooper,empire,9,9,1,1,Aleen Minor
2025-07-08 14:33:26,535,unknown,resistance,3,4,3,7,Umbara
2025-07-08 14:33:25,536,unknown,resistance,9,2,1,8,Iridonia
2025-07-08 14:33:24,537,stormtrooper,resistance,6,7,4,1,Tund
2025-07-08 14:33:23,538,unknown,resistance,7,4,6,8,Alderaan
2025-07-08 14:33:22,539,resistance_soldier,empire,5,4,2,4,Champala
2025-07-08 14:33:21,540,x-wing,resistance,7,5,10,3,Shili
2025-07-08 14:33:20,541,unknown,empire,6,5,7,6,Muunilinst
2025-07-08 14:33:19,542,tie_fighter,resistance,3,5,3,4,Champala
2025-07-08 14:33:18,543,tie_silencer,resistance,1,8,10,6,Chandrila
2025-07-08 14:33:17,544,at-st,resistance,10,1,7,6,Umbara
2025-07-08 14:33:16,545,tie_fighter,empire,4,2,8,5,Dorin
2025-07-08 14:33:15,546,tie_fighter,empire,10,9,4,7,Haruun Kal
2025-07-08 14:33:14,547,tie_silencer,resistance,10,9,2,8,Naboo
2025-07-08 14:33:13,548,tie_silencer,resistance,2,8,3,6,Iridonia
2025-07-08 14:33:12,549,resistance_soldier,resistance,9,3,8,5,Tund
2025-07-08 14:33:11,550,x-wing,empire,4,1,10,3,Concord Dawn
2025-07-08 14:33:10,551,tie_fighter,empire,2,1,7,4,Troiken
2025-07-08 14:33:09,552,tie_silencer,empire,8,9,3,8,Skako
2025-07-08 14:33:08,553,x-wing,empire,6,7,9,6,Tund
2025-07-08 14:33:07,554,resistance_soldier,resistance,9,7,5,8,Concord Dawn
2025-07-08 14:33:06,555,at-st,resistance,3,3,1,10,Serenno
2025-07-08 14:33:05,556,at-st,resistance,1,9,8,10,Tholoth
2025-07-08 14:33:04,557,unknown,resistance,9,10,1,9,Quermia
2025-07-08 14:33:03,558,unknown,empire,6,1,8,7,Concord Dawn
2025-07-08 14:33:02,559,tie_fighter,empire,9,6,8,10,Kashyyyk
2025-07-08 14:33:01,560,tie_silencer,empire,1,8,1,9,Cerea
2025-07-08 14:33:00,561,at-at,resistance,1,10,3,4,Ojom
2025-07-08 14:32:59,562,x-wing,empire,9,5,3,10,Ryloth
2025-07-08 14:32:58,563,at-at,resistance,2,6,8,8,Naboo
2025-07-08 14:32:57,564,at-st,resistance,9,9,10,1,Dathomir
2025-07-08 14:32:56,565,tie_fighter,resistance,9,9,8,1,Alderaan
2025-07-08 14:32:55,566,resistance_soldier,resistance,2,10,2,8,Alderaan
2025-07-08 14:32:54,567,at-at,resistance,6,9,8,10,Kalee
2025-07-08 14:32:53,568,at-st,resistance,4,8,5,10,Champala
2025-07-08 14:32:52,569,x-wing,resistance,6,3,3,3,Iktotch
2025-07-08 14:32:51,570,resistance_soldier,resistance,6,3,9,1,Mirial
2025-07-08 14:32:50,571,at-st,resistance,2,7,6,7,Kalee
2025-07-08 14:32:49,572,unknown,empire,7,9,7,9,Corellia
2025-07-08 14:32:48,573,stormtrooper,empire,4,10,7,6,Umbara
2025-07-08 14:32:47,574,at-st,empire,10,3,6,6,Malastare
2025-07-08 14:32:46,575,at-st,empire,3,3,2,9,Aleen Minor
2025-07-08 14:32:45,576,at-at,empire,1,8,7,2,Malastare
2025-07-08 14:32:44,577,tie_fighter,empire,10,9,5,1,Troiken
2025-07-08 14:32:43,578,stormtrooper,empire,4,1,9,3,Kalee
2025-07-08 14:32:42,579,resistance_soldier,resistance,3,2,3,4,Vulpter
2025-07-08 14:32:41,580,tie_fighter,resistance,10,10,9,5,Iktotch
2025-07-08 14:32:40,581,resistance_soldier,empire,4,2,7,6,Umbara
2025-07-08 14:32:39,582,x-wing,empire,3,5,3,7,Corellia
2025-07-08 14:32:38,583,tie_fighter,empire,10,5,9,4,Iktotch
2025-07-08 14:32:37,584,resistance_soldier,empire,4,9,10,8,Quermia
2025-07-08 14:32:36,585,at-at,empire,5,1,10,2,Naboo
2025-07-08 14:32:35,586,unknown,empire,5,6,7,6,Eriadu
2025-07-08 14:32:34,587,unknown,resistance,3,6,6,3,Dathomir
2025-07-08 14:32:33,588,tie_silencer,resistance,3,3,7,3,Alderaan
2025-07-08 14:32:32,589,resistance_soldier,empire,3,3,2,5,Tund
2025-07-08 14:32:31,590,x-wing,resistance,10,6,4,8,Haruun Kal
2025-07-08 14:32:30,591,tie_silencer,empire,7,7,9,1,Champala
2025-07-08 14:32:29,592,tie_silencer,empire,10,9,8,7,Ojom
2025-07-08 14:32:28,593,tie_silencer,empire,9,10,10,4,Skako
2025-07-08 14:32:27,594,tie_silencer,resistance,4,2,2,7,Naboo
2025-07-08 14:32:26,595,at-at,empire,8,3,2,8,Dorin
2025-07-08 14:32:25,596,unknown,resistance,7,7,2,7,Mon Cala
2025-07-08 14:32:24,597,at-st,resistance,1,7,4,5,Concord Dawn
2025-07-08 14:32:23,598,unknown,resistance,5,6,4,3,Kashyyyk
2025-07-08 14:32:22,599,tie_fighter,empire,10,1,4,5,Haruun Kal
2025-07-08 14:32:21,600,tie_fighter,empire,2,7,7,7,Corellia
2025-07-08 14:32:20,601,at-st,empire,7,7,9,9,Cerea
2025-07-08 14:32:19,602,unknown,empire,9,7,6,9,Serenno
2025-07-08 14:32:18,603,x-wing,empire,3,8,10,1,Serenno
2025-07-08 14:32:17,604,at-st,empire,6,4,1,1,Tatooine
2025-07-08 14:32:16,605,tie_fighter,empire,10,2,8,4,Dorin
2025-07-08 14:32:15,606,x-wing,resistance,7,6,10,9,Chandrila
2025-07-08 14:32:14,607,tie_silencer,empire,4,7,7,10,Serenno
2025-07-08 14:32:13,608,stormtrooper,empire,2,10,3,1,Tholoth
2025-07-08 14:32:12,609,tie_fighter,empire,5,10,9,4,Cerea
2025-07-08 14:32:11,610,at-at,resistance,3,6,6,3,Dorin
2025-07-08 14:32:10,611,tie_silencer,empire,4,2,4,1,Trandosha
2025-07-08 14:32:09,612,at-at,resistance,10,7,9,3,Iktotch
2025-07-08 14:32:08,613,at-at,resistance,4,8,8,10,Sullust
2025-07-08 14:32:07,614,at-st,empire,1,9,3,6,Skako
2025-07-08 14:32:06,615,tie_silencer,empire,6,5,1,7,Iktotch
2025-07-08 14:32:05,616,at-st,resistance,7,5,8,4,Ojom
2025-07-08 14:32:04,617,unknown,empire,5,6,2,1,Kashyyyk
2025-07-08 14:32:03,618,at-st,resistance,4,1,2,7,Dathomir
2025-07-08 14:32:02,619,tie_fighter,resistance,1,7,7,5,Dathomir
2025-07-08 14:32:01,620,tie_silencer,resistance,6,5,6,9,Alderaan
2025-07-08 14:32:00,621,stormtrooper,resistance,3,4,8,2,Vulpter
2025-07-08 14:31:59,622,tie_silencer,resistance,9,7,6,1,Vulpter
2025-07-08 14:31:58,623,unknown,resistance,5,5,10,5,Kashyyyk
2025-07-08 14:31:57,624,unknown,resistance,6,9,8,10,Dathomir
2025-07-08 14:31:56,625,stormtrooper,empire,2,7,4,3,Vulpter
2025-07-08 14:31:55,626,tie_silencer,resistance,9,1,10,2,Socorro
2025-07-08 14:31:54,627,x-wing,resistance,10,2,8,4,Bestine IV
2025-07-08 14:31:53,628,at-at,resistance,5,5,4,1,Zolan
2025-07-08 14:31:52,629,at-st,resistance,2,7,2,8,Mon Cala
2025-07-08 14:31:51,630,resistance_soldier,empire,10,8,6,8,Vulpter
2025-07-08 14:31:50,631,tie_silencer,resistance,4,4,1,1,Alderaan
2025-07-08 14:31:49,632,tie_silencer,empire,10,5,7,4,Stewjon
2025-07-08 14:31:48,633,stormtrooper,empire,6,9,8,9,Skako
2025-07-08 14:31:47,634,resistance_soldier,empire,4,4,1,5,Toydaria
2025-07-08 14:31:46,635,resistance_soldier,resistance,2,8,2,4,Tatooine
2025-07-08 14:31:45,636,x-wing,empire,6,9,1,6,Muunilinst
2025-07-08 14:31:44,637,at-at,empire,5,2,10,2,Zolan
2025-07-08 14:31:43,638,unknown,resistance,5,2,4,8,Kashyyyk
2025-07-08 14:31:42,639,at-st,resistance,9,10,9,5,Mirial
2025-07-08 14:31:41,640,at-at,resistance,7,2,5,10,Alderaan
2025-07-08 14:31:40,641,unknown,resistance,10,3,4,4,Sullust
2025-07-08 14:31:39,642,tie_silencer,resistance,1,9,1,8,Muunilinst
2025-07-08 14:31:38,643,resistance_soldier,resistance,3,1,4,8,Sullust
2025-07-08 14:31:37,644,x-wing,empire,7,7,1,5,Mon Cala
2025-07-08 14:31:36,645,at-at,resistance,3,4,3,5,Sullust
2025-07-08 14:31:35,646,stormtrooper,empire,2,6,9,7,Quermia
2025-07-08 14:31:34,647,tie_silencer,resistance,2,6,5,1,Glee Anselm
2025-07-08 14:31:33,648,at-at,empire,4,6,7,4,Haruun Kal
2025-07-08 14:31:32,649,x-wing,empire,9,9,1,8,Vulpter
2025-07-08 14:31:31,650,unknown,empire,6,3,3,7,Tholoth
2025-07-08 14:31:30,651,x-wing,resistance,7,6,9,8,Sullust
2025-07-08 14:31:29,652,stormtrooper,empire,9,10,8,7,Trandosha
2025-07-08 14:31:28,653,x-wing,empire,6,1,5,9,Shili
2025-07-08 14:31:27,654,resistance_soldier,resistance,7,5,2,8,Rodia
2025-07-08 14:31:26,655,at-st,resistance,9,1,1,3,Rodia
2025-07-08 14:31:25,656,x-wing,empire,6,4,5,6,Aleen Minor
2025-07-08 14:31:24,657,tie_silencer,empire,2,10,3,5,Vulpter
2025-07-08 14:31:23,658,tie_fighter,resistance,1,4,4,10,Tatooine
2025-07-08 14:31:22,659,tie_fighter,resistance,7,8,7,10,Chandrila
2025-07-08 14:31:21,660,tie_fighter,empire,10,4,4,9,Socorro
2025-07-08 14:31:20,661,at-at,empire,5,5,2,2,Tatooine
2025-07-08 14:31:19,662,at-st,resistance,9,6,3,10,Cerea
2025-07-08 14:31:18,663,at-at,resistance,1,2,10,1,Mirial
2025-07-08 14:31:17,664,unknown,resistance,1,10,6,5,Malastare
2025-07-08 14:31:16,665,stormtrooper,resistance,1,6,10,10,Dathomir
2025-07-08 14:31:15,666,at-at,empire,1,3,9,4,Skako
2025-07-08 14:31:14,667,at-st,resistance,9,2,1,3,Socorro
2025-07-08 14:31:13,668,unknown,resistance,4,3,8,4,Socorro
2025-07-08 14:31:12,669,tie_silencer,empire,2,5,2,7,Tatooine
2025-07-08 14:31:11,670,unknown,empire,8,9,2,7,Dorin
2025-07-08 14:31:10,671,resistance_soldier,empire,8,4,9,1,Tholoth
2025-07-08 14:31:09,672,tie_silencer,empire,8,9,4,7,Tholoth
2025-07-08 14:31:08,673,stormtrooper,resistance,5,9,5,5,Quermia
2025-07-08 14:31:07,674,x-wing,empire,6,1,7,10,Naboo
2025-07-08 14:31:06,675,resistance_soldier,resistance,8,4,4,3,Sullust
2025-07-08 14:31:05,676,at-at,empire,6,7,9,9,Tatooine
2025-07-08 14:31:04,677,unknown,empire,6,9,8,9,Mirial
2025-07-08 14:31:03,678,tie_silencer,resistance,8,9,4,7,Malastare
2025-07-08 14:31:02,679,unknown,empire,7,6,3,7,Muunilinst
2025-07-08 14:31:01,680,stormtrooper,resistance,2,8,4,4,Umbara
2025-07-08 14:31:00,681,at-at,resistance,8,1,1,2,Tholoth
2025-07-08 14:30:59,682,at-at,empire,9,10,6,4,Eriadu
2025-07-08 14:30:58,683,resistance_soldier,empire,7,2,2,4,Eriadu
2025-07-08 14:30:57,684,at-at,resistance,2,7,10,3,Ryloth
2025-07-08 14:30:56,685,tie_fighter,resistance,5,3,7,10,Bestine IV
2025-07-08 14:30:55,686,tie_silencer,empire,10,2,8,4,Dagobah
2025-07-08 14:30:54,687,unknown,resistance,8,7,1,6,Mirial
2025-07-08 14:30:53,688,x-wing,resistance,8,4,5,1,Shili
2025-07-08 14:30:52,689,at-at,empire,7,7,1,3,Dagobah
2025-07-08 14:30:51,690,resistance_soldier,empire,4,5,10,2,Stewjon
2025-07-08 14:30:50,691,x-wing,resistance,4,1,7,7,Kalee
2025-07-08 14:30:49,692,tie_fighter,empire,8,5,6,5,Zolan
2025-07-08 14:30:48,693,tie_silencer,resistance,2,3,4,3,Socorro
2025-07-08 14:30:47,694,x-wing,empire,10,9,1,4,Umbara
2025-07-08 14:30:46,695,at-at,empire,4,9,5,4,Dagobah
2025-07-08 14:30:45,696,tie_silencer,empire,7,2,5,2,Ojom
2025-07-08 14:30:44,697,stormtrooper,empire,9,4,2,5,Quermia
2025-07-08 14:30:43,698,x-wing,empire,6,3,8,4,Iktotch
2025-07-08 14:30:42,699,tie_fighter,empire,2,7,4,6,Mirial
2025-07-08 14:30:41,700,tie_fighter,empire,6,4,6,5,Tund
2025-07-08 14:30:40,701,tie_fighter,empire,3,3,5,4,Iktotch
2025-07-08 14:30:39,702,tie_fighter,empire,3,3,7,3,Glee Anselm
2025-07-08 14:30:38,703,tie_silencer,empire,9,5,8,10,Kalee
2025-07-08 14:30:37,704,resistance_soldier,empire,1,9,6,9,Skako
2025-07-08 14:30:36,705,stormtrooper,empire,6,9,8,2,Ojom
2025-07-08 14:30:35,706,tie_silencer,resistance,1,5,9,9,Umbara
2025-07-08 14:30:34,707,stormtrooper,resistance,9,6,3,9,Alderaan
2025-07-08 14:30:33,708,resistance_soldier,empire,6,7,5,1,Troiken
2025-07-08 14:30:32,709,at-at,empire,4,2,6,6,Dagobah
2025-07-08 14:30:31,710,at-st,resistance,3,8,6,8,Socorro
2025-07-08 14:30:30,711,at-st,empire,4,7,6,7,Vulpter
2025-07-08 14:30:29,712,tie_silencer,resistance,6,1,8,5,Quermia
2025-07-08 14:30:28,713,x-wing,resistance,4,6,9,8,Cerea
2025-07-08 14:30:27,714,x-wing,resistance,4,3,8,9,Zolan
2025-07-08 14:30:26,715,tie_silencer,empire,8,4,1,1,Troiken
2025-07-08 14:30:25,716,at-st,resistance,9,1,1,4,Eriadu
2025-07-08 14:30:24,717,unknown,resistance,6,10,3,6,Glee Anselm
2025-07-08 14:30:23,718,resistance_soldier,empire,5,9,9,10,Zolan
2025-07-08 14:30:22,719,resistance_soldier,empire,10,1,7,1,Toydaria
2025-07-08 14:30:21,720,tie_fighter,resistance,10,6,9,7,Glee Anselm
2025-07-08 14:30:20,721,tie_silencer,empire,6,5,3,4,Iktotch
2025-07-08 14:30:19,722,unknown,empire,6,8,7,7,Muunilinst
2025-07-08 14:30:18,723,at-st,empire,8,2,10,4,Aleen Minor
2025-07-08 14:30:17,724,unknown,empire,10,10,3,4,Tatooine
2025-07-08 14:30:16,725,at-at,empire,8,5,5,2,Champala
2025-07-08 14:30:15,726,tie_fighter,empire,10,8,8,7,Troiken
2025-07-08 14:30:14,727,tie_silencer,empire,9,10,6,4,Naboo
2025-07-08 14:30:13,728,tie_fighter,empire,5,1,9,2,Vulpter
2025-07-08 14:30:12,729,x-wing,resistance,5,4,3,10,Dathomir
2025-07-08 14:30:11,730,x-wing,empire,4,10,4,2,Serenno
2025-07-08 14:30:10,731,unknown,resistance,9,3,1,5,Rodia
2025-07-08 14:30:09,732,tie_fighter,empire,3,10,3,1,Eriadu
2025-07-08 14:30:08,733,tie_fighter,empire,2,9,4,3,Toydaria
2025-07-08 14:30:07,734,stormtrooper,empire,3,1,2,3,Tatooine
2025-07-08 14:30:06,735,stormtrooper,resistance,6,9,1,5,Tholoth
2025-07-08 14:30:05,736,x-wing,resistance,6,7,7,9,Tholoth
2025-07-08 14:30:04,737,at-at,resistance,8,4,9,9,Mon Cala
2025-07-08 14:30:03,738,resistance_soldier,resistance,4,3,5,8,Dorin
2025-07-08 14:30:02,739,x-wing,empire,6,10,10,2,Quermia
2025-07-08 14:30:01,740,tie_fighter,empire,7,3,6,5,Shili
2025-07-08 14:30:00,741,resistance_soldier,empire,9,5,2,3,Ryloth
2025-07-08 14:29:59,742,x-wing,resistance,6,7,3,8,Mon Cala
2025-07-08 14:29:58,743,tie_silencer,empire,6,4,6,9,Trandosha
2025-07-08 14:29:57,744,resistance_soldier,empire,1,6,4,9,Serenno
2025-07-08 14:29:56,745,tie_fighter,empire,2,1,4,8,Dagobah
2025-07-08 14:29:55,746,unknown,resistance,7,1,5,3,Bestine IV
2025-07-08 14:29:54,747,tie_fighter,resistance,5,1,9,3,Aleen Minor
2025-07-08 14:29:53,748,x-wing,resistance,3,7,9,4,Umbara
2025-07-08 14:29:52,749,unknown,empire,1,2,2,6,Malastare
2025-07-08 14:29:51,750,at-at,empire,5,8,7,9,Eriadu
2025-07-08 14:29:50,751,tie_silencer,empire,5,9,5,8,Tholoth
2025-07-08 14:29:49,752,unknown,empire,6,2,4,6,Malastare
2025-07-08 14:29:48,753,resistance_soldier,resistance,5,8,3,6,Haruun Kal
2025-07-08 14:29:47,754,at-st,empire,1,2,8,8,Muunilinst
2025-07-08 14:29:46,755,unknown,empire,8,5,1,1,Zolan
2025-07-08 14:29:45,756,resistance_soldier,empire,1,1,9,3,Zolan
2025-07-08 14:29:44,757,stormtrooper,empire,6,6,6,9,Bestine IV
2025-07-08 14:29:43,758,tie_silencer,empire,5,1,9,9,Skako
2025-07-08 14:29:42,759,resistance_soldier,empire,4,4,8,8,Tund
2025-07-08 14:29:41,760,stormtrooper,resistance,1,6,9,10,Serenno
2025-07-08 14:29:40,761,tie_silencer,empire,4,4,9,4,Tatooine
2025-07-08 14:29:39,762,x-wing,empire,7,3,3,2,Kalee
2025-07-08 14:29:38,763,tie_fighter,resistance,2,5,2,10,Sullust
2025-07-08 14:29:37,764,x-wing,empire,10,3,8,8,Concord Dawn
2025-07-08 14:29:36,765,resistance_soldier,resistance,2,1,10,1,Sullust
2025-07-08 14:29:35,766,resistance_soldier,resistance,9,7,2,3,Quermia
2025-07-08 14:29:34,767,at-at,empire,9,3,2,1,Dagobah
2025-07-08 14:29:33,768,resistance_soldier,empire,9,1,4,4,Stewjon
2025-07-08 14:29:32,769,resistance_soldier,resistance,10,2,3,5,Alderaan
2025-07-08 14:29:31,770,stormtrooper,empire,5,7,10,4,Troiken
2025-07-08 14:29:30,771,tie_fighter,resistance,3,2,3,4,Alderaan
2025-07-08 14:29:29,772,stormtrooper,resistance,6,10,1,3,Iridonia
2025-07-08 14:29:28,773,unknown,empire,10,4,10,8,Dorin
2025-07-08 14:29:27,774,unknown,resistance,10,5,6,2,Dathomir
2025-07-08 14:29:26,775,resistance_soldier,empire,1,5,1,7,Tund
2025-07-08 14:29:25,776,unknown,empire,3,3,2,4,Toydaria
2025-07-08 14:29:24,777,tie_silencer,empire,7,8,8,8,Malastare
2025-07-08 14:29:23,778,at-st,empire,9,9,3,10,Tund
2025-07-08 14:29:22,779,tie_silencer,resistance,1,10,3,10,Umbara
2025-07-08 14:29:21,780,tie_fighter,empire,7,8,10,8,Toydaria
2025-07-08 14:29:20,781,stormtrooper,empire,8,3,1,6,Corellia
2025-07-08 14:29:19,782,at-at,resistance,9,7,6,4,Cerea
2025-07-08 14:29:18,783,tie_silencer,empire,4,3,8,3,Iktotch
2025-07-08 14:29:17,784,at-st,empire,2,10,5,7,Eriadu
2025-07-08 14:29:16,785,tie_fighter,empire,8,4,8,1,Corellia
2025-07-08 14:29:15,786,x-wing,empire,2,8,4,6,Toydaria
2025-07-08 14:29:14,787,x-wing,empire,3,9,1,6,Iktotch
2025-07-08 14:29:13,788,x-wing,resistance,8,10,2,10,Dathomir
2025-07-08 14:29:12,789,resistance_soldier,resistance,1,2,9,3,Aleen Minor
2025-07-08 14:29:11,790,unknown,empire,10,8,7,8,Dorin
2025-07-08 14:29:10,791,at-st,empire,4,5,1,3,Concord Dawn
2025-07-08 14:29:09,792,tie_silencer,resistance,2,10,9,2,Kashyyyk
2025-07-08 14:29:08,793,tie_silencer,empire,4,2,2,10,Aleen Minor
2025-07-08 14:29:07,794,at-st,resistance,7,4,6,1,Stewjon
2025-07-08 14:29:06,795,resistance_soldier,resistance,6,3,4,5,Troiken
2025-07-08 14:29:05,796,resistance_soldier,resistance,2,2,7,6,Trandosha
2025-07-08 14:29:04,797,at-at,resistance,2,8,6,6,Mon Cala
2025-07-08 14:29:03,798,tie_fighter,empire,10,4,10,1,Champala
2025-07-08 14:29:02,799,x-wing,resistance,6,8,8,10,Malastare
2025-07-08 14:29:01,800,tie_fighter,empire,10,8,10,2,Haruun Kal
2025-07-08 14:29:00,801,at-st,resistance,8,7,5,6,Alderaan
2025-07-08 14:28:59,802,at-st,resistance,6,10,10,2,Zolan
2025-07-08 14:28:58,803,stormtrooper,resistance,1,7,7,7,Aleen Minor
2025-07-08 14:28:57,804,tie_silencer,empire,4,2,9,8,Serenno
2025-07-08 14:28:56,805,unknown,empire,1,5,5,4,Kalee
2025-07-08 14:28:55,806,resistance_soldier,resistance,8,9,4,8,Troiken
2025-07-08 14:28:54,807,at-st,empire,7,6,5,1,Tholoth
2025-07-08 14:28:53,808,at-st,empire,8,7,7,3,Dagobah
2025-07-08 14:28:52,809,at-at,empire,4,10,5,1,Skako
2025-07-08 14:28:51,810,at-at,resistance,3,8,1,1,Mirial
2025-07-08 14:28:50,811,at-st,empire,3,3,5,5,Quermia
2025-07-08 14:28:49,812,x-wing,resistance,4,9,1,7,Alderaan
2025-07-08 14:28:48,813,tie_silencer,resistance,9,7,10,6,Ojom
2025-07-08 14:28:47,814,at-st,resistance,9,10,5,4,Dorin
2025-07-08 14:28:46,815,unknown,resistance,10,5,3,9,Toydaria
2025-07-08 14:28:45,816,at-at,empire,2,6,3,1,Serenno
2025-07-08 14:28:44,817,unknown,resistance,5,8,10,4,Bestine IV
2025-07-08 14:28:43,818,x-wing,resistance,1,9,2,6,Dathomir
2025-07-08 14:28:42,819,unknown,empire,8,4,10,3,Dagobah
2025-07-08 14:28:41,820,unknown,empire,4,4,7,8,Concord Dawn
2025-07-08 14:28:40,821,tie_silencer,empire,1,2,1,6,Corellia
2025-07-08 14:28:39,822,at-st,resistance,7,2,7,8,Haruun Kal
2025-07-08 14:28:38,823,at-st,resistance,4,2,6,2,Glee Anselm
2025-07-08 14:28:37,824,unknown,resistance,3,3,9,8,Socorro
2025-07-08 14:28:36,825,at-st,empire,5,1,10,10,Eriadu
2025-07-08 14:28:35,826,unknown,empire,8,1,9,10,Dorin
2025-07-08 14:28:34,827,x-wing,empire,5,7,10,5,Umbara
2025-07-08 14:28:33,828,tie_silencer,empire,10,5,5,8,Dorin
2025-07-08 14:28:32,829,stormtrooper,resistance,4,9,9,4,Socorro
2025-07-08 14:28:31,830,unknown,empire,3,5,8,8,Socorro
2025-07-08 14:28:30,831,tie_fighter,empire,1,5,1,4,Cerea
2025-07-08 14:28:29,832,x-wing,empire,7,7,1,8,Tholoth
2025-07-08 14:28:28,833,at-at,resistance,3,6,3,7,Kashyyyk
2025-07-08 14:28:27,834,at-st,empire,3,1,6,8,Champala
2025-07-08 14:28:26,835,tie_fighter,resistance,1,4,2,5,Alderaan
2025-07-08 14:28:25,836,tie_silencer,empire,3,6,1,6,Tatooine
2025-07-08 14:28:24,837,x-wing,resistance,3,9,2,8,Chandrila
2025-07-08 14:28:23,838,at-st,resistance,4,2,1,1,Umbara
2025-07-08 14:28:22,839,stormtrooper,resistance,1,2,7,8,Kashyyyk
2025-07-08 14:28:21,840,at-st,resistance,8,2,7,2,Chandrila
2025-07-08 14:28:20,841,at-st,empire,5,2,2,6,Serenno
2025-07-08 14:28:19,842,at-at,resistance,3,9,10,2,Ryloth
2025-07-08 14:28:18,843,x-wing,empire,4,4,4,6,Dagobah
2025-07-08 14:28:17,844,at-at,empire,9,1,5,6,Skako
2025-07-08 14:28:16,845,at-st,empire,5,9,6,4,Glee Anselm
2025-07-08 14:28:15,846,at-st,resistance,4,5,2,4,Bestine IV
2025-07-08 14:28:14,847,at-st,empire,5,10,1,5,Stewjon
2025-07-08 14:28:13,848,unknown,resistance,4,8,3,8,Bestine IV
2025-07-08 14:28:12,849,at-at,resistance,4,6,6,7,Concord Dawn
2025-07-08 14:28:11,850,unknown,empire,1,5,10,1,Socorro
2025-07-08 14:28:10,851,unknown,resistance,8,7,4,2,Tatooine
2025-07-08 14:28:09,852,tie_silencer,resistance,4,5,7,8,Glee Anselm
2025-07-08 14:28:08,853,tie_fighter,empire,8,9,5,9,Ojom
2025-07-08 14:28:07,854,tie_silencer,resistance,4,1,6,1,Cerea
2025-07-08 14:28:06,855,tie_fighter,resistance,7,3,9,5,Dorin
2025-07-08 14:28:05,856,unknown,resistance,10,9,8,1,Ryloth
2025-07-08 14:28:04,857,unknown,empire,7,10,10,5,Malastare
2025-07-08 14:28:03,858,tie_fighter,resistance,1,4,3,10,Kalee
2025-07-08 14:28:02,859,resistance_soldier,resistance,3,6,6,9,Socorro
2025-07-08 14:28:01,860,resistance_soldier,empire,10,7,6,9,Champala
2025-07-08 14:28:00,861,at-st,resistance,9,1,2,7,Glee Anselm
2025-07-08 14:27:59,862,resistance_soldier,empire,1,9,10,8,Mirial
2025-07-08 14:27:58,863,x-wing,resistance,1,2,5,10,Iridonia
2025-07-08 14:27:57,864,resistance_soldier,resistance,9,4,2,6,Rodia
2025-07-08 14:27:56,865,x-wing,empire,8,3,10,8,Tatooine
2025-07-08 14:27:55,866,unknown,empire,4,5,10,4,Ojom
2025-07-08 14:27:54,867,at-st,resistance,9,2,1,3,Sullust
2025-07-08 14:27:53,868,at-st,empire,9,9,5,7,Tholoth
2025-07-08 14:27:52,869,tie_fighter,empire,3,8,1,4,Cerea
2025-07-08 14:27:51,870,tie_fighter,resistance,1,10,4,1,Zolan
2025-07-08 14:27:50,871,x-wing,resistance,4,10,5,6,Mon Cala
2025-07-08 14:27:49,872,tie_silencer,resistance,4,4,7,9,Shili
2025-07-08 14:27:48,873,x-wing,resistance,9,2,2,1,Rodia
2025-07-08 14:27:47,874,stormtrooper,empire,3,2,2,7,Toydaria
2025-07-08 14:27:46,875,resistance_soldier,resistance,10,10,4,4,Ryloth
2025-07-08 14:27:45,876,stormtrooper,empire,7,6,5,7,Quermia
2025-07-08 14:27:44,877,tie_fighter,resistance,1,3,6,6,Troiken
2025-07-08 14:27:43,878,tie_silencer,empire,7,4,10,1,Dorin
2025-07-08 14:27:42,879,tie_fighter,empire,6,5,8,6,Chandrila
2025-07-08 14:27:41,880,x-wing,resistance,1,2,2,6,Socorro
2025-07-08 14:27:40,881,at-st,empire,2,8,6,2,Malastare
2025-07-08 14:27:39,882,resistance_soldier,resistance,2,2,5,4,Ojom
2025-07-08 14:27:38,883,tie_silencer,empire,6,7,8,7,Trandosha
2025-07-08 14:27:37,884,stormtrooper,resistance,4,9,3,3,Iridonia
2025-07-08 14:27:36,885,resistance_soldier,empire,1,6,5,7,Cerea
2025-07-08 14:27:35,886,resistance_soldier,resistance,1,10,10,6,Eriadu
2025-07-08 14:27:34,887,resistance_soldier,resistance,3,9,6,6,Champala
2025-07-08 14:27:33,888,unknown,resistance,8,1,1,7,Stewjon
2025-07-08 14:27:32,889,x-wing,empire,6,5,3,1,Toydaria
2025-07-08 14:27:31,890,stormtrooper,empire,9,7,1,3,Bestine IV
2025-07-08 14:27:30,891,stormtrooper,empire,1,10,2,1,Corellia
2025-07-08 14:27:29,892,tie_silencer,empire,2,3,1,6,Skako
2025-07-08 14:27:28,893,unknown,empire,7,2,6,9,Corellia
2025-07-08 14:27:27,894,resistance_soldier,resistance,7,7,1,2,Socorro
2025-07-08 14:27:26,895,tie_fighter,empire,7,8,2,5,Eriadu
2025-07-08 14:27:25,896,x-wing,resistance,3,2,4,9,Iridonia
2025-07-08 14:27:24,897,tie_silencer,resistance,10,1,7,3,Naboo
2025-07-08 14:27:23,898,resistance_soldier,empire,1,1,8,1,Rodia
2025-07-08 14:27:22,899,tie_silencer,empire,6,9,10,1,Tatooine
2025-07-08 14:27:21,900,at-st,resistance,6,4,4,1,Kashyyyk
2025-07-08 14:27:20,901,x-wing,resistance,3,7,3,1,Naboo
2025-07-08 14:27:19,902,at-st,resistance,5,3,6,7,Zolan
2025-07-08 14:27:18,903,tie_silencer,resistance,10,9,3,1,Alderaan
2025-07-08 14:27:17,904,x-wing,resistance,5,9,3,6,Chandrila
2025-07-08 14:27:16,905,stormtrooper,empire,6,2,7,8,Bestine IV
2025-07-08 14:27:15,906,resistance_soldier,resistance,7,6,8,3,Dathomir
2025-07-08 14:27:14,907,tie_silencer,empire,4,5,7,6,Kalee
2025-07-08 14:27:13,908,resistance_soldier,empire,10,10,8,4,Champala
2025-07-08 14:27:12,909,at-at,empire,6,7,3,1,Concord Dawn
2025-07-08 14:27:11,910,tie_fighter,empire,5,4,6,5,Malastare
2025-07-08 14:27:10,911,stormtrooper,resistance,3,9,4,10,Iktotch
2025-07-08 14:27:09,912,at-at,empire,4,9,3,4,Stewjon
2025-07-08 14:27:08,913,resistance_soldier,empire,5,5,10,1,Iktotch
2025-07-08 14:27:07,914,at-at,resistance,1,1,6,1,Vulpter
2025-07-08 14:27:06,915,tie_fighter,empire,1,10,5,10,Eriadu
2025-07-08 14:27:05,916,tie_fighter,empire,3,2,8,4,Eriadu
2025-07-08 14:27:04,917,unknown,resistance,4,5,8,5,Iktotch
2025-07-08 14:27:03,918,tie_silencer,empire,6,7,4,10,Ojom
2025-07-08 14:27:02,919,x-wing,empire,2,2,5,3,Kalee
2025-07-08 14:27:01,920,tie_silencer,resistance,3,10,9,2,Malastare
2025-07-08 14:27:00,921,at-at,empire,5,10,6,6,Zolan
2025-07-08 14:26:59,922,unknown,resistance,1,5,9,8,Trandosha
2025-07-08 14:26:58,923,resistance_soldier,empire,9,2,6,3,Muunilinst
2025-07-08 14:26:57,924,at-st,empire,8,2,5,2,Glee Anselm
2025-07-08 14:26:56,925,x-wing,resistance,2,9,7,4,Kashyyyk
2025-07-08 14:26:55,926,x-wing,empire,9,5,10,5,Tatooine
2025-07-08 14:26:54,927,stormtrooper,empire,9,1,3,6,Aleen Minor
2025-07-08 14:26:53,928,x-wing,resistance,6,5,1,5,Iridonia
2025-07-08 14:26:52,929,resistance_soldier,empire,5,1,3,4,Iktotch
2025-07-08 14:26:51,930,tie_silencer,empire,1,10,3,6,Vulpter
2025-07-08 14:26:50,931,tie_silencer,resistance,2,6,6,5,Chandrila
2025-07-08 14:26:49,932,x-wing,resistance,4,4,7,1,Kalee
2025-07-08 14:26:48,933,unknown,resistance,1,9,4,10,Sullust
2025-07-08 14:26:47,934,unknown,empire,2,8,5,9,Muunilinst
2025-07-08 14:26:46,935,at-at,resistance,1,6,2,9,Ryloth
2025-07-08 14:26:45,936,x-wing,resistance,7,7,10,3,Quermia
2025-07-08 14:26:44,937,at-st,resistance,5,8,6,5,Ryloth
2025-07-08 14:26:43,938,at-at,resistance,2,9,6,4,Vulpter
2025-07-08 14:26:42,939,tie_fighter,empire,2,7,9,8,Dorin
2025-07-08 14:26:41,940,tie_fighter,resistance,7,5,10,7,Ryloth
2025-07-08 14:26:40,941,at-st,empire,4,7,5,8,Toydaria
2025-07-08 14:26:39,942,tie_fighter,resistance,3,7,7,5,Ryloth
2025-07-08 14:26:38,943,tie_fighter,resistance,5,5,5,1,Glee Anselm
2025-07-08 14:26:37,944,unknown,empire,1,9,4,10,Malastare
2025-07-08 14:26:36,945,unknown,resistance,6,4,9,9,Kashyyyk
2025-07-08 14:26:35,946,at-st,resistance,3,10,5,7,Tatooine
2025-07-08 14:26:34,947,x-wing,resistance,1,7,4,6,Rodia
2025-07-08 14:26:33,948,tie_fighter,resistance,4,5,1,7,Tholoth
2025-07-08 14:26:32,949,stormtrooper,empire,3,10,10,9,Corellia
2025-07-08 14:26:31,950,stormtrooper,resistance,7,7,8,7,Sullust
2025-07-08 14:26:30,951,resistance_soldier,resistance,2,6,2,1,Iridonia
2025-07-08 14:26:29,952,stormtrooper,empire,7,3,8,7,Quermia
2025-07-08 14:26:28,953,tie_silencer,empire,10,6,3,1,Skako
2025-07-08 14:26:27,954,stormtrooper,empire,4,6,9,7,Bestine IV
2025-07-08 14:26:26,955,tie_silencer,empire,5,4,2,3,Muunilinst
2025-07-08 14:26:25,956,x-wing,resistance,2,7,2,9,Iktotch
2025-07-08 14:26:24,957,stormtrooper,empire,3,3,9,4,Troiken
2025-07-08 14:26:23,958,tie_silencer,empire,1,7,3,3,Zolan
2025-07-08 14:26:22,959,x-wing,resistance,7,8,6,7,Dathomir
2025-07-08 14:26:21,960,unknown,resistance,10,3,1,1,Toydaria
2025-07-08 14:26:20,961,resistance_soldier,empire,9,3,2,7,Stewjon
2025-07-08 14:26:19,962,resistance_soldier,resistance,8,3,1,2,Ryloth
2025-07-08 14:26:18,963,at-st,empire,6,8,6,9,Vulpter
2025-07-08 14:26:17,964,at-st,resistance,8,5,3,10,Malastare
2025-07-08 14:26:16,965,unknown,resistance,5,6,9,3,Umbara
2025-07-08 14:26:15,966,tie_silencer,resistance,2,1,5,2,Ryloth
2025-07-08 14:26:14,967,at-st,resistance,10,3,1,7,Troiken
2025-07-08 14:26:13,968,at-st,empire,1,1,8,7,Dorin
2025-07-08 14:26:12,969,unknown,resistance,4,7,2,1,Ryloth
2025-07-08 14:26:11,970,tie_fighter,resistance,3,6,4,3,Sullust
2025-07-08 14:26:10,971,tie_fighter,resistance,10,2,9,9,Ryloth
2025-07-08 14:26:09,972,at-at,resistance,4,4,1,4,Alderaan
2025-07-08 14:26:08,973,tie_silencer,resistance,3,3,8,4,Mon Cala
2025-07-08 14:26:07,974,stormtrooper,empire,2,6,6,9,Ojom
2025-07-08 14:26:06,975,stormtrooper,empire,1,5,4,4,Iktotch
2025-07-08 14:26:05,976,stormtrooper,empire,6,1,8,7,Muunilinst
2025-07-08 14:26:04,977,at-at,empire,2,1,3,9,Dagobah
2025-07-08 14:26:03,978,at-at,resistance,10,1,1,1,Dathomir
2025-07-08 14:26:02,979,unknown,empire,4,1,6,9,Bestine IV
2025-07-08 14:26:01,980,at-at,resistance,10,6,3,5,Socorro
2025-07-08 14:26:00,981,at-at,empire,8,7,4,8,Kalee
2025-07-08 14:25:59,982,at-at,empire,7,5,8,8,Champala
2025-07-08 14:25:58,983,stormtrooper,resistance,8,4,2,9,Glee Anselm
2025-07-08 14:25:57,984,unknown,resistance,10,7,10,3,Alderaan
2025-07-08 14:25:56,985,x-wing,empire,6,5,7,3,Dathomir
2025-07-08 14:25:55,986,tie_fighter,empire,10,6,10,5,Dagobah
2025-07-08 14:25:54,987,unknown,empire,7,8,7,3,Corellia
2025-07-08 14:25:53,988,stormtrooper,resistance,4,6,3,9,Champala
2025-07-08 14:25:52,989,x-wing,resistance,2,8,9,4,Chandrila
2025-07-08 14:25:51,990,at-at,empire,9,5,6,9,Tholoth
2025-07-08 14:25:50,991,resistance_soldier,resistance,3,6,7,8,Dorin
2025-07-08 14:25:49,992,resistance_soldier,resistance,10,1,6,6,Skako
2025-07-08 14:25:48,993,resistance_soldier,resistance,2,3,10,4,Dathomir
2025-07-08 14:25:47,994,stormtrooper,empire,6,6,5,7,Ojom
2025-07-08 14:25:46,995,x-wing,empire,2,4,4,5,Aleen Minor
2025-07-08 14:25:45,996,at-st,empire,9,7,5,4,Stewjon
2025-07-08 14:25:44,997,at-st,empire,3,1,8,2,Zolan
2025-07-08 14:25:43,998,stormtrooper,empire,10,7,1,7,Concord Dawn
2025-07-08 14:25:42,999,resistance_soldier,resistance,10,8,9,4,Trandosha
2025-07-08 14:25:41,1000,tie_fighter,empire,3,2,9,2,Naboo
